{
  "description": {
    "title": "Bebê Reborn Banana Nanica vendendo com segurança desde 2017. ❤️",
    "text": "Referência em qualidadde, pontualidade e felicidade, aqui garantimos a sua alegria ❤️❤️"
  },
  "links_1": {
    "list_pages": false,
    "title": "Páginas",
    "list": []
  },
  "links_2": {
    "list_categories": false,
    "title": "",
    "list": [
      {}
    ]
  },
  "contacts": {
    "title": "Contatos",
    "phone_wpp": true,
    "socials": true,
    "email": true,
    "address": true
  },
  "stamps": [
    {
      "src": "/img/uploads/ssl-safe.png",
      "alt": "Secure connection"
    }
  ],
  "payment_methods": {
    "bb": false,
    "visa": false,
    "boleto": false,
    "aura": false,
    "banrisul": false,
    "elo": false,
    "hipercard": false,
    "hsbc": false,
    "bradesco": false,
    "santander": false,
    "mastercard": false,
    "paypal": true,
    "citibank": false,
    "hiper": false,
    "diners": false,
    "mais": false,
    "amex": false,
    "itau": false
  },
  "credits": ""
}